Symbol,D10_LEC_118_3d,D10_LEC_4G4_3d,D10_LEC_AD2_3d,D10_LEC_IgG1_3d,D10_LEC_IgG2b_3d,D10_LEC_siCD73_3d,D10_LEC_siCtrl_3d,D10_LEC_Untouched_3d,D11_LEC_118_3d,D11_LEC_4G4_3d,D11_LEC_AD2_3d,D11_LEC_IgG1_3d,D11_LEC_IgG2b_3d,D11_LEC_siCD73_3d,D11_LEC_siCtrl_3d,D11_LEC_Untouched_3d,D12_LEC_118_3d,D12_LEC_4G4_3d,D12_LEC_AD2_3d,D12_LEC_IgG1_3d,D12_LEC_IgG2b_3d,D12_LEC_siCD73_3d,D12_LEC_siCtrl_3d,D12_LEC_Untouched_3d,D17_LEC_118_3d,D17_LEC_4G4_3d,D17_LEC_AD2_3d,D17_LEC_IgG1_3d,D17_LEC_IgG2b_3d,D17_LEC_siCD73_3d,D17_LEC_siCtrl_3d,D17_LEC_Untouched_3d
ADAM10,3882.4469177733035,4065.8466453913397,4075.8530883849417,3995.3466194195125,4069.91113914412,4293.818791936962,4925.041530724926,4007.2930245042276,4420.670651191995,4107.248037495876,4446.127263357106,3750.21083480611,3840.1222306767995,4500.56989918981,5262.753426706827,3963.8683075482527,4510.589798431179,4650.448887193192,4765.993027234652,3920.4837808830243,4520.878911225948,4426.764910307166,5759.104449045553,4831.557601498287,4826.049163045419,4693.725516056457,4777.60637834235,4655.208760778016,4459.225359430258,4995.945985248556,5508.1511760693065,4973.930235237533
ADAM17,1209.4921169478582,1304.5436962611702,1159.139500065247,1256.55727388883,1175.435874452113,1169.9997295349983,1438.7900779284323,1301.8542092116384,1367.063054241645,1343.9533573859155,1317.7954517682144,1151.5936354613218,1193.6316397581315,1254.7969904456563,1438.838456693511,1242.2891323741478,1358.4240711345944,1449.799227182886,1375.795534312474,1262.8691350316,1381.7426152085086,1323.6711954026773,1637.223635780921,1551.717282428456,1658.4035196416262,1597.2964531794762,1671.7148148294787,1626.2493990232927,1537.9696831795477,1571.5607708698838,1931.2683379453824,1817.1219303195423
APH1A,2772.0374883720215,2592.1745528992487,2756.362463988788,2673.7950037778123,2624.0965526509644,2062.6831666630724,2452.005102712083,2816.7525104177066,3146.2748795167618,3302.1790249343685,3191.7975457208727,3338.1638293752235,3348.7763463193005,2194.424727433547,2812.7390075401195,3501.098757332928,2996.6951612153716,3060.027057373714,2899.028890627997,3294.2893342594716,2931.1671553516985,1991.110292990481,2433.7512756853107,2986.9196531236876,2717.449430385788,2804.0715290284993,2939.1268252938717,2918.307340790252,2916.329444081654,2243.9567382722666,2876.0550995034127,2866.8185793876273
APH1B,602.4682955418239,593.0769094497629,549.176399669249,564.1869943825566,577.7566162561234,438.8931404621982,706.4051027490411,636.183568827658,549.8258765607133,555.637226010659,576.4804183654932,500.48162216251535,517.607474728331,484.51392695746057,779.2548701628299,586.3245272145616,511.1094859919862,524.8590098407989,562.7064804258375,529.2522101169776,489.9796507831591,397.22588084050244,740.3814246855651,637.0207791022083,790.555398161135,683.9459094776515,745.9671460820593,730.9739566743872,690.65775010177,441.23238645228275,900.4305755693905,821.4537852476086
CCNC,1002.2156901262855,1017.0254226686047,950.5782337786428,919.8504756413203,986.6451246409988,1040.509064072261,1052.8034018203748,999.6117257593328,1002.5717428137564,832.0597655838009,1031.3181796446897,957.2318404467526,866.6324822374511,1130.1404946750476,1181.8698864136254,964.8520476576789,1004.728533299836,1033.873219384517,1086.1543691940583,901.3007934665362,1030.0461103130413,1229.0343084312724,1319.8103657438335,1094.3690307653321,1149.8987609616509,1111.8122272632027,1196.6386825373056,1110.9909983705518,1136.9743846183203,1183.0653230373957,1259.715682077374,1251.4765721557526
CDK8,353.0532544763051,341.63936038646034,344.80731963966207,335.80409905649765,340.58230744819093,387.32606129562134,405.78086462641943,363.42815693167483,312.4211240810473,317.3740269173111,312.0398594822394,323.6123886992575,272.7816806260599,351.62539844728326,474.0467126823882,302.14808011631624,349.8087736827282,337.69230633153285,350.710085474708,338.8611510319923,338.6303808745833,381.0379922796042,497.82977494024345,403.9909556357594,379.6835531477149,428.9333160842682,405.1162908929831,393.42940787367627,350.7477304368475,317.3005806957651,444.4489836061721,375.9942829119927
CREBBP,1339.3246040778542,1313.563877393486,1303.7699259323392,1305.3030302034829,1391.7388440849475,1520.6558678677206,1353.4276399429966,1311.437507467443,1339.704142245847,1561.7408128071788,1214.6636338037456,1251.6899598938248,1355.4369223655149,1414.7336265287015,1172.5930427212108,1470.3042262909216,1306.924446120193,1222.0302229123506,1099.2405664132639,1293.4365069030428,1271.7694046993997,1331.1425285846303,1068.2753215634998,1095.4579551740537,1198.7152177949285,1179.033120082379,1104.7147048848817,1132.2272448182787,1153.7235739931136,1355.3393225287252,1056.564350249403,1087.185815106231
CUL1,1342.741248476012,1462.3968660766966,1416.958954871803,1394.67025011368,1425.8919445532897,1344.181863608769,1472.1927710531681,1362.3027059020994,1445.6096080360326,1266.7039608048692,1382.1426544298063,1326.5192509744338,1391.0171415776097,1529.9820848826607,1516.763943709794,1378.1996070733085,1323.4431937663217,1401.2745262730762,1399.350689307044,1297.803274313249,1345.810774151077,1398.3845272222077,1640.9667167955092,1354.621964449824,1403.473133956732,1457.519676047538,1483.799426885143,1512.2442865144433,1408.9024003502584,1332.4866491268142,1583.5158397944454,1485.2325486288978
DAB1,23.91651078710454,15.785316981552622,27.249210670611593,19.85938220226599,18.973944704634594,26.356507129583704,13.608504606373822,19.90377330051769,15.003274320276283,17.683596807709414,18.51083912182776,20.407988476529752,23.720146141396512,25.87210289578673,19.48137175407075,22.464541272588566,24.29227595018946,19.8060003713509,22.682741846622907,11.353595266535825,13.066124020884242,37.35666590976512,15.720940261270846,28.31203462676481,20.340190347199012,12.80397958460502,10.575324862668234,13.412366177511691,18.71968224241602,11.42633670095553,10.645484637273583,13.231470366404434
DAB2,6577.040466453748,7479.985203972864,6621.558192958617,6636.644452320889,6542.216134158008,8839.743304243855,5750.211764584139,6490.84162633549,9034.618777451078,8704.052491878865,8427.720611609297,7880.398978865703,8501.130947461214,11427.237447198166,6965.981928634154,8772.403366945835,9429.28983282554,10103.040789426093,9955.106431223614,8647.072825690093,9471.851071472669,10854.601891180751,7887.420313940459,10446.051852867493,9196.478062313581,9568.840742894818,9381.126639714621,8947.165937581758,8433.709473425322,10750.42493764516,8314.123501710668,9920.294907211724
DLL1,27.33315518526233,31.570633963105244,40.87381600591739,37.9133660225078,32.255705997878806,49.275208981395615,30.928419559940505,29.4870715563225,52.952732895092765,39.09005610125239,44.073426480542295,72.8856731304634,53.37032881814215,76.44030401027896,47.311902831314676,35.94326603614171,32.06580425425009,29.70900055702635,20.937915550728835,21.833837051030432,27.221091710175507,23.659221742851244,17.218172667106167,23.956336991877915,36.612342624958224,37.344940455097976,34.166434171697375,33.53091544377923,48.27707525675711,77.34750997569897,37.25919623045754,25.360318202275163
DLL4,626.3848063289284,620.1374528467102,477.9092332999572,510.02504292183113,556.8852770810253,382.742320925259,623.5169383284006,591.9529614931741,1181.7284891088202,1867.9462522669892,1097.428319365503,1129.2420290346463,1312.2323704651142,770.2830634881958,1412.86329435475,1445.5932308910742,792.899887014184,723.9093135728754,617.6685087465007,767.67771071423,762.1905678849142,400.96154743147895,724.6604844242943,753.5356908354327,442.0601368791252,455.6082735521953,331.0890168543055,345.368429070926,445.331388082739,458.81136599221435,616.550985242095,418.99656160280705
EP300,2067.0698608854636,2212.199422700446,2023.777915575038,1943.511358249031,2055.826908747158,2587.521439069565,2106.843940423147,2004.3836890410219,2081.0424027771455,2146.230223083048,1903.9720239594271,1857.1269513642073,1955.2177605122554,2629.5464579535965,1883.1992695601723,2033.0409851692652,2002.655229333619,2055.8628385462234,1809.3848688421504,1875.9632794245347,1987.1396948428119,2304.906286632508,1813.148443466571,1774.9467862164092,1818.4130170395918,1948.3388934573973,1825.4637686021167,1821.8464057786714,1601.0254549434756,2125.2986263777284,1736.1011195953668,1757.5803136707223
FBXW7,772.1616339836609,773.4805320960785,771.3622712911589,760.0727188321803,767.4960633024693,1004.9850762019524,874.6557051551175,778.458689086914,645.1407957718802,612.4108789196208,615.2650336683704,603.4933735202369,628.5838727470076,914.9316387691853,966.6471127496058,585.2013001509322,634.5142478189487,688.2585129044438,752.0201335303441,643.6615162643772,690.3268857700508,952.5949806990105,856.4169361378023,785.1144986883626,627.8338753835428,707.4198720494273,725.6299828846204,729.8562594929278,581.295395948708,811.2699057678426,801.0727189548371,739.8597179881145
FLT4,5257.076847298788,4761.528115221195,5199.359005265543,4838.467663824805,5006.2753103178375,5777.804736841784,5854.131254305539,4892.642347982811,7117.729846648719,8597.950911032609,7437.831452856317,8458.625319034045,8712.917966580826,7311.221077413913,8840.832038871155,7906.395300887546,6119.710157371728,6131.937714970239,4893.3653468349185,7165.8653201481875,5769.782598888801,5953.407323819568,5694.723455594634,4784.733851923253,3882.264330935385,4228.514257815808,3348.3105488263427,3503.980663874929,4188.282590132132,5900.384482578036,5179.91539975337,3377.3328110247317
FYN,1662.7669404367919,1713.834415139999,1568.925706688675,1637.4963324959322,1605.1957220120867,2101.6449598111526,1749.311410310235,1714.6732110001533,1738.6147300555458,1919.1356114472007,1624.5465000727888,1579.1895844933736,1720.5577433277256,2225.0008490376586,2111.4096243935724,1796.0400747434558,1825.8074604162398,1899.3954356125512,1915.8192728916886,1776.400982471836,1843.4123306130853,2311.1323976174685,2188.205161128318,2007.976609682858,1916.0459307061471,1946.2048968599631,2044.2916446065594,1837.4941663191016,1874.923963543036,2495.3361456932885,2462.655446089289,2096.085430544569
HDAC3,916.7995801723407,868.1924339853942,845.7735773532137,902.6991910120905,832.9561725334587,584.4268972212038,899.3984408030699,867.6570805447896,838.4182708389689,795.7618563469237,839.1580401895252,763.8418544072564,918.3085149026364,562.1302356448207,867.384885240769,824.4486647040004,766.6642289879793,803.133315058279,839.2614483250476,784.2714268730131,791.5893469319037,516.7672117517508,865.4003305728143,814.5154577238492,798.6914743000145,814.1197019211359,873.6845309619756,792.4473016546491,840.4152080410981,530.8851821059338,919.0601736846193,869.9691765910915
HES1,419.1083795073557,417.183377369605,388.82527533834235,397.1876440453198,437.34942544182735,425.141919351111,363.71821402490036,441.5688965559294,430.6822275467545,395.55413911981583,414.2902089170976,411.07519645581357,439.6698516923139,399.8415902076131,425.8071254818321,452.6605066426596,382.8462689749859,374.333407018532,370.77558787748984,446.28362932306203,390.8948769581203,430.84688015929106,452.9128027651839,445.3700831671849,265.77848720340046,311.56350322538884,287.974230875735,311.8375136271468,335.969033929677,450.0218762222486,377.0275809034394,336.2998718127794
HEY1,411.1362092449876,377.7200849157235,368.91239061751077,324.97170876435257,348.1718853300448,205.12238157371664,301.8613749050193,445.9919572893778,1051.1117479675913,917.6856027579728,1118.5835640761634,1033.0329405024345,1084.349537892412,535.0821280719528,1025.091228011818,1029.9992173481858,612.1653539447743,650.6271121988771,685.7167342863694,606.1073165366048,634.7958586812928,427.11121356831455,721.6660196126236,589.1081051184524,356.63133742088934,411.86134330479484,353.0531531075395,359.89849242989703,294.5886837095995,241.71096867405927,422.2708906118521,327.4788915685097
HEY2,87.69387288604997,51.86604151081576,71.26716636929186,80.34022800007605,92.02363181747778,57.29675462952979,92.78525867982151,93.62145219132394,20.29854760978556,14.891449943334244,28.206992947547068,20.407988476529752,27.108738447310298,15.288060802055794,35.25200603117564,26.95744952710628,82.59373823064416,75.26280141113342,60.1965072083454,85.5886412400393,66.41946377282824,70.97766522855373,72.61577168301295,56.62406925352962,55.59652028234397,39.478937052532146,41.48781292277538,46.94328162129092,47.29182882294574,67.6790712287366,63.8729078236415,20.949828080140353
JAG1,5471.186562916677,5127.972973721523,6150.98528560844,6041.765685443922,5436.983855113042,5821.350270360226,5891.245357777468,5285.557576470808,6931.5127359676435,5470.746422932418,7134.606278670186,7483.900917035981,6868.676604087247,6818.475117716885,6180.233267886634,6438.337528723883,9523.543863512275,8979.05026835193,10714.105869937535,10180.68154015447,9678.731368470004,8239.635277497193,9505.92854464844,9310.303694570735,7855.381512088259,7181.965548664699,8736.031823091858,8512.381733994087,7323.336742519909,7947.45665000307,9898.526465224886,8209.024739823417
JAG2,628.6625692610336,622.3924981297891,702.1911980503756,568.700490337617,643.2167254871127,701.3122766654446,680.4252303186911,577.2094257150129,814.589541036177,1114.9973145071515,837.3951031303036,1046.6382661534544,1033.520653303705,690.3147454466732,637.319161668886,1092.8999329114338,1107.7277833286394,1052.6889197373002,707.5270629850453,1236.6685305703636,988.6700509135744,897.8052040313551,661.0281071762932,643.5543255545385,703.7705860130859,793.8467342455112,501.1077011848948,599.0856892621889,812.8283078943798,1398.4078224015575,730.1028213730132,530.3614371867111
KAT2B,397.4696316523564,427.33108114346027,388.82527533834235,363.78777397787246,414.58069179626585,352.9480085179035,362.48107724250275,451.15219481173426,728.9826228557771,647.7780725350397,655.8125860304693,587.9444299190715,651.4568708119256,598.5863806343384,783.8932920090373,606.5426143598913,454.7514057875467,391.1685073341803,492.9134285900747,333.621030139745,458.40318439935555,368.5857703096825,467.8851268235371,495.4606059683842,486.80855564296303,404.3923552137752,498.66724160120214,486.1982739347988,424.64121297270026,397.2849376024538,576.630417852319,457.5883501714867
KPNA3,1995.3203285241502,2099.447158546499,1975.5677736193404,2008.5057000019015,2109.9026511553666,1929.7546959225633,2208.289156579752,2073.67830719838,2042.2103986540776,1821.4104711940697,1976.2524433875165,1779.3822333583798,1721.404891404204,2002.735965069309,2161.5045803326116,1751.1109921982788,1906.4578165708688,2018.2314378406568,2064.1295080426844,1710.0261178367034,2015.4496302213945,1962.470182459661,2355.1465743789563,2113.602277328865,2226.572836673385,2177.7435276815704,2302.1668739500847,2110.212278595173,1917.289560196925,1963.5720146103579,2208.0509385144956,2276.9155255520964
KPNA4,2171.8469557623025,2120.8700887357486,2121.246246050687,2185.434741440271,2234.1819889707235,1945.7977872188317,2387.673990027407,2219.639311402176,1871.8791078415293,1736.7153496413562,1895.1573386633186,1828.944491087095,1804.4254028990918,1822.807249475883,2336.8369261192483,1811.7652536342678,2122.1732270085513,2201.4369412756523,2184.522522459375,1983.3857577156043,2167.8877437983774,1923.8682943529036,2800.5732151149637,2218.1390205661505,2514.047526913798,2379.4062061390996,2563.2960494052004,2638.8830454254253,2454.2488666241215,2061.1353510569784,2821.0534288774993,2568.007873612994
KPNA6,2277.762932105194,2238.132443455854,2154.7837361068246,2280.218156496541,2233.2332917354915,2455.7389034216467,2059.8327426920378,2227.011079291257,2056.3311274261023,1967.532823763037,2110.235659888365,2027.1935220019554,2083.137120060501,2519.0020183079623,1924.0173818067967,2004.9603085785295,2203.7952742011876,2143.009240180167,2191.5018276429514,2071.5944594017674,2154.821619777493,2258.8330653437974,2004.7941914134917,2168.048497764951,2406.92252441855,2314.3193099173573,2543.7723727356592,2451.1099189402617,2337.0045410005687,2439.083411165507,2271.923846338137,2626.4468677312802
LRP8,1068.270815157336,1169.2409792764336,1024.9895398406975,1145.5252733943428,1105.232279044965,441.1850106473794,1159.19716510657,1057.8486920830696,906.3742780543379,977.2514025313097,929.9492987394424,892.120639116872,932.71003220277,402.1935995617755,1032.5127029657497,917.6765109852429,832.7392195724947,831.8520155967378,958.7820495937913,882.9603703436707,895.0294954305706,372.321436900659,1054.8002299109821,899.4515616041435,911.2405275545158,789.5787410506429,985.1321852839409,956.7487873291673,913.3234441431396,269.83733593794983,806.3954612734739,852.3272161025523
LYVE1,3056.7578548851707,3157.0633963105247,3328.5958880716316,3200.971331328873,3243.595847257284,4092.1342156410174,5145.251877991703,3697.6787731628415,1217.9128565871335,723.1660378731692,1039.2513964111872,1349.8426663761823,1187.7016032227825,1801.6391652884213,3340.5914136385127,926.6623274942783,889.0972997769342,723.9093135728754,980.5923782924672,669.8621207256136,753.479818537658,1606.3366341199,2754.9076267369865,940.8306891355691,3536.4810950330016,2996.1312227975745,3918.5646048825297,3738.697071981384,3439.495300435491,4313.002630122214,7648.780711881069,4401.669141890542
MAML1,956.6604314841816,909.9107717223548,903.4161383871997,926.1693699784049,922.1337126452412,985.5041796279123,910.5326718446485,1023.2013830043908,982.2731952039708,1033.094339818813,967.8524455127088,971.8089750728453,1057.2407994451016,969.0278539149211,917.4798411798081,1073.8050728297335,820.1072360783961,922.959617304952,770.3408096372318,803.4852034779199,841.6761556786266,815.6205390298718,718.671554800953,758.9803128790412,894.9683752767565,831.1916747006093,764.6773362237032,749.9748087591954,888.6922832978553,916.7437830074322,809.0568324327922,783.9646192094627
MAML2,771.0227525176083,825.3465736068943,787.0829697549733,790.7644913265913,705.8307430124069,837.6785526837255,758.3648476097412,733.4909049635222,799.5862667159008,796.692571968382,751.0111872284407,716.223214628687,770.0576015189082,798.507175738145,828.4221417326276,771.6569927134173,900.7575922330251,1008.1254189017608,909.0545001608103,845.4061706158983,915.717525130304,828.0727609997934,833.2098338473548,894.006939560535,703.7705860130859,783.1767512583405,736.2053077472887,765.6225692996258,640.4101819773902,769.9593038490034,723.8929553346036,685.8312139919632
MAML3,800.6336706349758,862.5548207776969,703.2392446146299,770.9051091243253,730.4968711284318,1033.6334535167173,963.7295534877461,844.8046000886396,478.339687152338,630.0944757273302,491.85943952285197,447.03212853350885,470.167182445538,719.7148623737036,634.5361085611615,523.4238116513136,689.9006369853806,809.0751151696843,625.520227078024,779.0313059807658,704.4818534593421,801.9230948629579,873.6351088049084,733.9350514784417,568.1693170317591,714.8888601404469,588.1507596699333,612.4980554397006,581.295395948708,983.5439052591721,796.6371003559731,614.1607495072725
MIB1,1480.5459058683762,1530.0482245690648,1447.3523052351773,1481.3293724508405,1489.4546593138157,1566.4932715713444,1697.351665449535,1369.6744737911802,1503.8576142206346,1343.9533573859155,1457.948947976339,1373.1660817779305,1391.0171415776097,1573.4942579346655,1690.2409207579478,1216.454909910671,1399.2350947309128,1408.2066264030489,1648.8608496198958,1262.8691350316,1505.8707934069091,1549.0564130582602,1788.4441087702883,1615.9638225430376,1445.5095273409431,1444.715696462933,1619.651677044035,1603.8954553941064,1276.8793782195348,1358.8551184367116,1719.2457689196835,1531.5426949113132
MIB2,177.66550870420517,157.85316981552623,179.21596248748392,146.23726894395867,155.58634657800366,202.83051138853546,173.19914953566683,138.58923631471575,161.50583533003294,198.24242737063713,151.61258709306549,183.67189628876775,210.0927229666548,186.98474365591318,152.14023655560013,184.20923843522624,201.14004486756872,160.42860300794229,131.73438534000226,247.15903541766448,192.72532930804257,239.08266182249676,112.2924304376489,119.78168495938958,164.07753546740537,182.45670908062155,109.82068126617013,137.47675331949483,200.99027249751938,413.9849681653888,165.00501187774051,125.69896848084213
MYC,1717.4332508073164,1760.0628434431173,1582.550312023981,1655.550316316174,1640.2975197156607,1229.5883543497093,1866.839404638009,1640.9555321093471,1332.6437778598347,1289.9718513413288,1489.6818150423294,1618.0619434962875,1530.7965741965534,1330.0612897788542,1576.1357433412477,1347.872476355314,1565.3942622302088,1396.3230261802385,1471.7609805866477,1864.6096841579988,1615.844003916018,1608.8270785138845,1735.2923583631343,1403.6235628423015,1750.6123825489285,1628.2394038422717,1608.2628656534691,1725.724448173171,1787.2370309338244,1693.734678672408,2010.2223490051615,1533.7479399723807
NCOR1,3000.9526630485934,2881.947871774893,2849.63860820742,2866.0699314633875,2857.47607251797,3103.1922307353334,2927.0656271527696,2824.8614550956954,3102.1476021041844,3139.3037911791503,3030.488804802088,2793.9508033344305,3012.458559957357,3206.9647544004733,2849.846382309778,3082.1350625991513,2932.5635527068716,2808.4908526575578,2976.673660795283,2533.5984514015713,2795.0616968008208,2796.7690544444154,2772.87441560701,2738.6448879351346,2729.6535445941076,2551.1929322325504,2768.294654435385,2757.358946660112,2426.661966477403,2357.3411563048253,2475.9623018858806,2812.790075391476
NCOR2,1659.350296038634,1775.8481604246701,1773.294786718262,1608.6099583835453,1641.2462169508924,1642.1249876823238,1677.557476931173,1589.3531568857827,963.7397386906883,1249.0203639971596,967.8524455127088,1283.7596560712286,1223.2818224348773,1143.076546122941,804.3023481323495,1051.340531557145,1784.9964368199214,1794.4236336443914,1234.4646043450543,2164.1699284981364,1746.5052441248604,1859.1167401093107,1185.0594492186547,1202.1725472287826,1478.0538318964616,1674.1203306871064,1116.917002803345,1326.706554392198,1702.5058376260465,2798.573542757108,1359.0735386919273,1150.035299346652
NCSTN,3256.062111444375,3001.4652717780773,3330.69198120014,3331.8627140256262,3261.621094726687,4120.782592955782,3377.383415945503,3217.0395067947848,3080.9665089461473,2903.8327389501774,2996.111532147265,2977.622699623198,3064.134592622542,3971.3677945032628,3085.47821209711,3145.0357781623993,3475.738842953108,3738.382570092482,3563.8077093636375,3548.4351975334657,3267.619848889468,3841.5104777208467,3429.4108255657975,3823.2135990219713,3931.0807877686625,4307.472131920872,4264.296379238991,4195.83521919824,4139.0202684415635,5249.962239600568,4372.632814760124,4513.034017474446
NEURL2,10.249933194473375,10.147703773855257,12.576558771051504,12.637788674169267,18.025247469402863,16.04309129626834,8.659957476783342,11.057651833620938,13.238183223773191,17.683596807709414,14.103496473773534,21.3797974516026,19.48440575900428,16.46406547913701,8.349159323173177,17.971633018070854,11.660292456090941,13.86420025994563,11.341370923311453,22.70719053307165,15.243811357698284,13.697444166913877,11.97785924668255,16.333866130825854,16.27215227775921,13.870977883322105,10.575324862668234,6.706183088755846,11.822957205736435,34.27901010286659,15.968226955910374,11.026225305337029
NEURL4,518.1910670539316,514.1503245419997,505.1584439705687,528.079026742073,491.42516785003596,677.2476397210421,480.00907157027666,530.767288013805,441.2727741257731,456.9813701360696,446.90454451269886,513.1151388384624,491.3458843574992,546.842174842765,389.62743508141494,493.096680933319,481.9587548517589,445.63500835539526,409.16176638715933,541.4791588655547,447.5147477152853,631.3276538750305,369.8164042413237,411.6134264968115,520.7088728882948,544.1691323457134,473.44915923637785,468.31511903144985,504.44617411142116,689.9749469423147,466.62707660049205,417.8939390722734
NOTCH1,2626.260660717289,2530.1608076145776,2666.230459462919,2463.466092271995,2636.429616708977,2635.65071295837,2387.673990027407,2394.350210373387,2261.964240168713,3062.054394598104,2330.6027922910766,3077.719024055701,3050.580223398887,2293.209120308369,1932.3665411299698,2896.8025971002958,2656.6032979127194,2374.739444524973,1743.0814695981755,2932.7209926944074,2550.0718714092413,2311.1323976174685,1494.237941023648,1634.475537491307,2004.1867555440094,2246.031418799464,1529.3546724474063,1687.7227440035545,2237.49465118562,3706.5278359945746,1818.603625534237,1615.3420072318747
NOTCH2,4227.528001987241,4165.0686378468135,4182.75383793888,4396.1450602288805,4007.297121618826,3571.879683604887,5192.263075722812,3934.3125224023297,556.8862409467256,521.2007480166985,580.8877610135474,589.8880478692171,532.856140104943,665.6186472279677,883.1555195178739,507.6986327605016,1822.892387302217,1819.1811341085802,1884.4123995655953,1874.2165724604522,1854.3007672971555,1662.371632984548,2051.9570121973043,1785.8360303036266,485.45254295314976,437.46930247400485,453.92548256683654,498.4929429308512,371.4379055468863,470.23770269316987,665.3427898295989,411.27820388907116
NOTCH3,10.249933194473375,3.382567924618419,11.528512206797211,3.610796764048362,5.692183411390378,2.2918701851811916,7.422820694385721,2.2115303667241877,24.71127535104329,68.87295598792088,37.02167824365552,35.95693207769528,31.34447882970253,4.70401870832486,38.03505913890003,30.327130717994564,13.603674532106098,22.776900427053533,16.575849810993663,20.960483568989215,11.977280352477223,9.961777575937365,5.988929623341275,6.533546452330341,14.916139587945944,32.00994896151255,17.083217085848688,17.88315490334892,29.557393014341084,17.578979539931584,20.403845554774367,9.923602774803326
NOTCH4,3766.2810082359388,3600.1797944355376,3771.919584751197,3741.6881467451153,3691.3809422866602,4472.584666381095,3296.969525089658,3576.0446029930113,1851.5805602317437,2341.68050358931,1531.1108359340392,1669.5678191751483,2072.9713431427595,1602.894374861696,1256.0846359529426,2093.6952466052544,1573.1677905342694,1822.1520341642827,1365.3265765371095,1858.4962097837104,1663.753125325927,1368.4991944943956,852.673855123214,1495.0932131749264,1516.0221872112331,1784.0211554549662,1335.7448788077877,1371.4144416505703,1591.1729906053617,1667.3662093625107,1210.0367537700972,1195.2428230985338
PDPN,5382.353808564574,5221.557352969299,5919.366994908241,5766.442432185234,5383.856809940065,4481.75214712182,7219.930262072511,5731.549533760186,6146.929743572019,5131.965936721564,7348.803131365622,7213.738021965731,6313.794613993864,4392.377468898338,7275.828507960804,6445.076891105659,5443.413194918454,5678.380306466303,6201.112655607524,6085.5270628632015,5401.753438967227,4172.739582120764,7209.922650299977,5843.168377200768,3483.5966001302845,3779.307974055915,3895.786982101398,3705.166156537605,3855.2692955038888,2353.825360396839,4866.760726673573,4096.242700932706
PROX1,2865.4257685883344,2583.154371766933,2876.887818878032,2820.032272721771,2812.8873024620784,1809.4315112005506,2260.2489014404523,2662.6825615359216,5084.3449034771575,4244.993949471718,5015.555933485713,4626.782530321817,4743.182080202824,3259.884964869128,4194.988717709901,4351.381644500405,2669.2352814068176,2670.839150076669,3177.328684823101,2376.394824634152,2602.336367492778,1515.4354137394716,2516.099058006253,2765.8679981531777,2580.492148714648,2464.7660700364663,2588.5141317700245,2349.3994754274645,2025.6666679161758,1576.8344647318631,2417.412136380876,2639.6783380976844
PSEN1,1060.298644894968,1172.623547201052,1023.9414932764433,1029.0770777537832,1094.796609457416,1317.825356479185,1192.599858231306,1055.6371617163454,1066.9975678361193,1079.6301208917328,1002.2297181675317,944.5983237708057,1035.214949456662,1173.6526677270524,1080.7522901663058,1015.3972655210032,1079.5487432264197,1195.2921224110269,1204.8025573148552,1012.2166856857708,1156.3519758482555,1262.655307750061,1218.7471783499495,1222.8621109944954,1247.5316746282062,1197.1720911605694,1329.2369865846074,1211.5837447018894,1187.2219527427003,1333.3655981038107,1344.8795591755627,1283.45262554123
PSEN2,279.0259591828863,352.9145868018551,308.12568989076186,317.75011523625585,314.0187848617025,366.6992296289906,237.53026222034308,297.0822459299492,331.8371261425813,316.44331129585265,319.973076248737,363.4565566772441,404.9367805566976,482.16191760329815,294.07594504954415,356.06297917052876,220.5738656277203,241.63320453048098,235.5515499456994,247.15903541766448,236.2790760443234,296.36288288413664,230.57379049863908,235.20767228389226,264.4224745135872,296.6255270433496,303.43047490578857,290.60126717941995,321.19033742250645,361.2480295455941,287.4280852063867,321.9657789158412
PSENEN,502.2467265291953,462.284283031184,503.06235084206014,557.8681000454719,494.27125955573115,514.5248565731775,510.93749113021715,555.8312988366791,541.8829666264493,519.3393167737818,580.8877610135474,527.692273464555,541.3276208697275,604.4664040197445,526.9247217291517,616.6516579325562,597.5899883746607,604.0830113262025,614.1788561547125,648.9016371566245,578.1759879241278,623.8563206930775,523.2827258394439,545.5511287695834,635.9699515224224,550.5711221380159,662.9915202365086,662.7944286053694,679.8200393298449,519.4588454049783,628.9707173189141,628.4948424042107
RBPJ,1313.1303303586444,1437.5913679628281,1319.4906243961536,1352.2433881361117,1316.7917625016407,1467.9428536085532,1291.5708008231154,1325.4438664566965,1701.547817028981,1466.807819418423,1788.4996465804063,1572.3869216678638,1646.0087125976222,1727.5508706323049,1577.9911120797306,1589.366295035641,1429.3575169091478,1366.614025623212,1634.9022392527434,1332.7374135948976,1441.6290169708948,1454.4195260868553,1447.8237364427532,1588.7407123249945,1337.0285121558818,1268.6609771746141,1378.0461782584607,1299.8818220371747,1199.0449099484367,1291.1760472079748,1340.4439405766987,1320.941791579376
RBX1,766.4672266533979,729.507149076039,755.6415728273446,770.9051091243253,812.0848333583606,602.7618587026534,707.6422395314388,813.105998165593,803.9989944571585,819.0297468833834,830.3433548934167,901.8387288676005,886.1168879964554,720.8908670507848,828.4221417326276,941.2642793214609,815.2487808883583,722.9190135543079,764.2339176016026,815.7121522264969,716.4591338118194,712.2670966795216,808.5054991510721,779.669876644754,747.1629920871104,787.4447444532087,857.4148004040245,806.9773650136201,817.7545400634367,640.7538042305063,688.4080065436916,899.7399849155015
RELN,6963.121283445579,6519.335913381233,7340.518136037062,6249.386499376703,6612.419729565156,6439.0092852665575,4756.79092831885,5414.563514529719,23459.825763622597,19559.91950056953,22441.307295362523,22186.39890091306,23190.67859359748,18177.50429364434,13977.420391361142,19029.712912009774,11082.136288476431,10123.837089816012,12053.260052036234,9647.935916109327,10421.32275032359,8047.8710591603985,7326.706777955132,9503.043314914481,10960.650571760641,10539.809194727366,11393.692309733176,10883.017455869278,9406.147703597144,9838.954848499709,9412.382666789392,10917.065674814192
SH3KBP1,1775.5162055759988,1611.229854759907,1776.438926411025,1772.9012111477457,1759.8333713548586,2235.7193656442523,2120.452445029521,1709.512973477797,1007.8670161032657,873.0112529279701,968.7339140423196,1034.9765584525803,965.7488071854294,1358.2854020288032,1312.6733824766718,861.5151578037716,1546.9321325080648,1668.6555312863134,1514.5092248360525,1501.2946356288526,1512.4038554173512,1906.4351835950133,1951.642441006338,1470.0479517743267,1490.257946104781,1525.8075671654315,1594.4335946792107,1582.6592089463795,1603.9811942449096,2059.3774531029853,1949.0108123408384,1524.926959728111
SKP1,2357.4846347288762,2533.543375539196,2350.768443622377,2401.1798480921607,2268.3350894390655,2988.5987214762736,2644.998440766112,2434.8949337633303,2576.1504553462632,2284.906850680348,2567.717826756394,2302.2154619475705,2255.955327662104,3186.9726748900925,2621.636027476378,2464.360177602966,2460.3217082351885,2486.6433466231056,2591.0670494026936,2364.167875885575,2459.6978469314586,3206.4471572548396,3109.751706919957,2674.3983478205528,2844.914623228235,2878.7614099386956,2938.313338765974,2899.306488705444,2806.9670899285916,3208.163766037514,3198.0810097809385,3061.982767292093
SNW1,1132.0481772562816,1260.5703132411309,1168.5719191435355,1258.362672270854,1257.9725339172735,1169.9997295349983,1170.3313961481488,1288.5850270112933,1209.0874011046183,1148.5030768796535,1199.6786688003613,1121.4675572340634,1066.5594282863647,1211.2848173936513,1205.9896800139036,1145.691604902017,1107.7277833286394,1147.7577215197846,1193.4611863915436,1058.5044202339552,1170.5069435375467,1090.8146445651414,1226.9819565820437,1179.3051346456266,1095.65825336912,1241.9860197066869,1260.090631713315,1297.646427674256,1135.0038917506977,945.7490992483192,1122.21150551259,1250.373949625219
TBL1X,792.6615003726076,740.7823754914338,770.3142247269046,843.1210444052925,740.9325407159808,786.1114735171487,814.0360028176341,737.9139656969705,647.7884324166348,651.5009350208732,688.4269216260706,692.8997992269387,662.4697958061454,803.2111944464698,787.6040294860031,636.8697450778859,670.4668162252291,668.4525125330929,683.0994948425283,717.8965622378806,659.8392630546542,745.8880959983102,767.3316079906008,713.2454877127288,740.3829286380441,790.64573934936,849.279935125049,839.39058327594,716.2741573808656,801.6014670208802,818.815193350293,803.8118247590694
VLDLR,302.94246996999084,361.93476793417085,314.4139692762876,342.1229933935823,310.2239959207756,536.2976233323989,768.2619418689221,372.27427839857154,133.26437778598347,103.30943398188131,145.44230738578958,152.57400908643672,127.07221147176702,305.76121604111586,321.9064761267881,129.17111231738426,344.9503184926903,328.77960616442493,410.9065926830534,358.9482811189403,338.6303808745833,735.9263184223729,853.4224713261317,436.6586878974111,246.7943095460147,205.93067165239742,233.47063350659872,245.89337992104768,230.54766551186046,532.643080059927,592.5986448082294,285.579235408229
